Variables,Coefficients
gend,0.082303025
fat,0.033520939
fat#gend,0.028764736
sugar,-0.059601222
sugar#gend,-0.002805717
protein,-0.040187205
fiber,-0.015768801
sodium,-0.094312719
iron,0.019831373
alcohol,-0.043159582
alcohol#gend,0.027589513
caff,0.034736819
caff#gend,-0.027271643
water,-0.084862643
water#gend,-0.031605381
lambda,0.0045235
