Variables,Coefficients
gend,0.084712367
fat,-0.013696424
sugar,-0.064722648
protein,-0.00917181
fiber,0.024572296
sodium,-0.019858437
sodium#gend,0.013205859
iron,-0.043367578
alcohol,0.071229486
alcohol#gend,0.017017577
caff,0.165593872
caff#gend,-0.006328801
water,0.022293885
lambda,0.0053525
